{"loss": [44.35755157470703, 2.934087038040161, 2.052891969680786, 1.5668736696243286, 0.9568551182746887, 0.6752203702926636, 1.659613013267517, 0.6686732769012451, 0.2683306932449341, 0.296151727437973, 0.5528486371040344, 0.7325214743614197, 0.43188127875328064, 0.7459509372711182, 0.7849121689796448, 0.1590520292520523, 0.08811620622873306, 0.054248981177806854, 2.0721638202667236, 0.092314712703228, 0.05744168907403946, 0.16680695116519928, 1.2696341276168823, 0.7232145071029663, 0.21788112819194794, 0.03233383595943451, 0.009387517347931862, 0.0023854614701122046, 0.06208428367972374, 8.196433067321777], "accuracy": [0.05836575850844383, 0.27626457810401917, 0.505836546421051, 0.6225680708885193, 0.7470816969871521, 0.8210116624832153, 0.661478579044342, 0.844357967376709, 0.9377431869506836, 0.9338521361351013, 0.887159526348114, 0.8949416279792786, 0.9377431869506836, 0.8793774247169495, 0.887159526348114, 0.9610894918441772, 0.9805447459220886, 0.9922178983688354, 0.7937743067741394, 0.9805447459220886, 0.9922178983688354, 0.9649805426597595, 0.8949416279792786, 0.9182879328727722, 0.9805447459220886, 0.9922178983688354, 0.9961089491844177, 1.0, 0.9844357967376709, 0.7237353920936584], "val_loss": [2.8850793838500977, 2.163254499435425, 3.189440965652466, 1.1232134103775024, 1.9601000547409058, 2.5980100631713867, 1.8277177810668945, 1.457968831062317, 1.6376025676727295, 1.8056870698928833, 1.1565881967544556, 1.535269856452942, 3.6551334857940674, 4.0340986251831055, 1.3055933713912964, 2.111660957336426, 1.229055643081665, 2.629063844680786, 2.3537538051605225, 2.645716667175293, 1.951026201248169, 5.4035491943359375, 2.346696376800537, 2.0579771995544434, 1.7791298627853394, 1.7816765308380127, 1.7547730207443237, 1.7526370286941528, 4.546472072601318, 3.69740629196167], "val_accuracy": [0.27586206793785095, 0.37931033968925476, 0.4137931168079376, 0.6896551847457886, 0.6206896305084229, 0.6551724076271057, 0.6551724076271057, 0.7586206793785095, 0.7586206793785095, 0.8275862336158752, 0.7931034564971924, 0.7931034564971924, 0.7241379022598267, 0.6206896305084229, 0.8620689511299133, 0.7931034564971924, 0.7931034564971924, 0.7931034564971924, 0.7931034564971924, 0.8275862336158752, 0.8275862336158752, 0.7241379022598267, 0.8965517282485962, 0.8275862336158752, 0.8275862336158752, 0.8275862336158752, 0.8275862336158752, 0.8620689511299133, 0.7931034564971924, 0.7931034564971924]}