{"loss": [16.400470733642578, 3.226914167404175, 2.8627731800079346, 2.423597574234009, 1.9939769506454468, 1.4765294790267944, 1.0506991147994995, 0.849399209022522, 0.6194021701812744, 0.4651550352573395, 0.4863033592700958, 0.44851088523864746, 0.3190297782421112, 0.289108008146286, 0.22067473828792572, 0.19989661872386932, 0.0981326475739479, 0.16314929723739624, 0.09618201851844788, 0.11874286830425262, 0.11874496936798096, 0.15375030040740967, 0.07845120877027512, 0.08222021162509918, 0.09464903920888901, 0.05037673935294151, 0.03488010913133621, 0.05359562486410141, 0.059128936380147934, 0.0782664567232132, 0.04743414372205734, 0.06240222975611687], "accuracy": [0.023346303030848503, 0.12062256783246994, 0.26070037484169006, 0.35797664523124695, 0.46692606806755066, 0.6303501725196838, 0.7237353920936584, 0.7898832559585571, 0.8404669165611267, 0.8677042722702026, 0.8365758657455444, 0.8949416279792786, 0.8793774247169495, 0.9105058312416077, 0.9377431869506836, 0.9377431869506836, 0.9688715934753418, 0.9688715934753418, 0.9649805426597595, 0.9649805426597595, 0.9610894918441772, 0.957198441028595, 0.9766536951065063, 0.9727626442909241, 0.9727626442909241, 0.9883268475532532, 0.9883268475532532, 0.9883268475532532, 0.9805447459220886, 0.9883268475532532, 0.9805447459220886, 0.9844357967376709], "val_loss": [3.268559694290161, 3.0303170680999756, 2.542797565460205, 2.174267530441284, 1.6159465312957764, 1.630616307258606, 1.1774647235870361, 1.2096176147460938, 1.1515679359436035, 1.912685513496399, 0.9936105012893677, 0.9212124347686768, 1.125604510307312, 0.8096531629562378, 0.9494606256484985, 0.9503414034843445, 1.0124870538711548, 0.7578516602516174, 0.7977786064147949, 0.7293446063995361, 0.9085808396339417, 0.7225454449653625, 0.7061349153518677, 0.8354308009147644, 1.1882903575897217, 1.1623250246047974, 1.326859951019287, 1.3350619077682495, 1.3928886651992798, 1.4353413581848145, 1.3263312578201294, 1.154930591583252], "val_accuracy": [0.06896551698446274, 0.13793103396892548, 0.3103448152542114, 0.517241358757019, 0.5862069129943848, 0.5862069129943848, 0.6896551847457886, 0.7241379022598267, 0.7241379022598267, 0.7241379022598267, 0.7931034564971924, 0.8275862336158752, 0.8275862336158752, 0.8620689511299133, 0.8620689511299133, 0.8965517282485962, 0.8275862336158752, 0.8275862336158752, 0.8275862336158752, 0.8620689511299133, 0.8275862336158752, 0.8620689511299133, 0.8620689511299133, 0.8275862336158752, 0.7586206793785095, 0.7931034564971924, 0.8275862336158752, 0.8275862336158752, 0.7931034564971924, 0.7931034564971924, 0.8275862336158752, 0.7931034564971924]}